survey,1
understandably,1
faulted,1
omissions,1
significantly,1
effectively,1
subsequent,1
newcomers,1
afterlife,1
1600-1750,1
signaled,1
cat,1
audacious,1
smart,1
spot,1
lynx,1
intrepid,1
butterfly,1
implications,1
properties,1
controlling,1
chips,1
likewise,1
finely,1
structured,1
thin,1
baffling,1
elementary,1
stream,1
synergy,1
naivety,1
premise,1
credibility,1
ambassador,1
product,1
utterances,1
fatigued,1
undisciplined,1
purposefulness,1
caution,1
difficulty,1
electoral,1
right,1
hands,1
agents,1
expediting,1
facilitating,1
deterring,1
exacerbating,1
lamenting,1
normal,1
monsoon,1
crops,1
frequency,1
welcome,1
learn,1
neurons,1
strengthened,1
synapses,1
strongest,1
bonds,1
reinforced,1
reproduced,1
replaced,1
stimulated,1
severed,1
guild,1
appraised,1
stimulation,1
bootless,1
granted,1
detracting,1
deprecatory,1
requirements,1
estimation,1
terrain,1
daytime,1
markings,1
identify,1
stretches,1
airport,1
collapsed,1
proposals,1
minimized,1
touted,1
beck,1
improves,1
empirically,1
falsity,1
arbitrariness,1
observes,1
privacy,1
concede,1
discrimination,1
rare,1
notoriety,1
explaining,1
chronologically,1
thematically,1
multifarious,1
circumscribed,1
detail,1
compensate,1
glib,1
selective,1
vivacity,1
clock,1
tiny,1
watch,1
refers,1
specialized,1
bundle,1
cells,1
regulates,1
cyclical,1
euphemism,1
metaphor,1
takes,1
blinders,1
distorted,1
migration,1
modernization,1
theorists,1
untested,1
immobile,1
preindustrial,1
undermining,1
castigating,1
chastising,1
endorsing,1
commending,1
atypically,1
king,1
horror,1
shining,1
majority,1
approved,1
artful,1
camera,1
render,1
forward,1
heartbreaking,1
comical,1
terrifying,1
community,1
perennial,1
lament,1
engineering,1
vital,1
hopeless,1
poignant,1
paradigmatic,1
supplementary,1
libraries,1
tragedy,1
averted,1
foreseen,1
endured,1
approval,1
drugs,1
expeditious,1
arbitrary,1
games,1
scrupulousness,1
mendacity,1
artlessness,1
polish,1
matured,1
merit,1
qualification,1
hedged,1
simplified,1
reiterated,1
excited,1
facilitates,1
mapping,1
comparing,1
tremendous,1
unimaginable,1
genome,1
unorthodox,1
plastic,1
disposal,1
corroborated,1
dispelled,1
friendly,1
opportunities,1
careful,1
reconstruction,1
particularity,1
introspective,1
reflective,1
concise,1
thorough,1
peddled,1
gaining,1
appointment,1
doctrines,1
solutions,1
intrigue,1
trove,1
journalism,1
prizes,1
declaring,1
effortless,1
slighted,1
lauded,1
listed,1
insurance,1
offish,1
monotonous,1
jockey,1
convolution,1
detriment,1
opponent,1
voters,1
argument,1
apply,1
gossamer,1
contrivance,1
humming,1
mascot,1
flits,1
moment,1
whims,1
repudiation,1
misrepresentation,1
maps,1
guides,1
anew,1
adornments,1
truisms,1
provocations,1
valedictions,1
extent,1
willingness,1
amateurs,1
priori,1
vitiate,1
unencumbered,1
contradicted,1
essayist,1
perceptive,1
misinterpreted,1
confound,1
entertain,1
enlighten,1
acquired,1
sleepless,1
considering,1
consolidation,1
referring,1
encoding,1
optimizing,1
recalling,1
legitimize,1
disgorge,1
qualitative,1
requirement,1
surplus,1
facet,1
communicating,1
articulately,1
typically,1
aggressive,1
talent,1
protective,1
closeness,1
proximity,1
maintaining,1
feigned,1
secretive,1
FALSE,1
emerged,1
realization,1
inexorable,1
hindsight,1
distant,1
geologists,1
preceded,1
entailed,1
fuller,1
bourgeois,1
capitulating,1
clichés,1
precisely,1
moments,1
cast,1
passionate,1
enlightening,1
commercially,1
formulaic,1
paint,1
dire,1
farmland,1
surveying,1
reaching,1
erosion,1
rates,1
steadily,1
intensifying,1
waning,1
accelerating,1
worsening,1
studios,1
sales,1
pictures,1
representation,1
signs,1
counters,1
meeting,1
eschewing,1
unproductive,1
unquestionably,1
folly,1
cruelty,1
milieu,1
motivates,1
alternatives,1
expose,1
corrosive,1
town,1
depending,1
breeze,1
sour,1
effluvia,1
breweries,1
choking,1
fumes,1
coal,1
factory,1
brackish,1
smells,1
nearby,1
river,1
malodorous,1
toxic,1
redolent,1
benign,1
noisome,1
anodyne,1
1884,1
agreed,1
territory,1
recalled,1
guaranteed,1
cattle,1
selfless,1
estimate,1
recreational,1
contributes,1
statistic,1
supremacy,1
ingenuousness,1
salience,1
fifty,1
footnotes,1
lengthy,1
bibliographies,1
eluded,1
motivated,1
ethicists,1
worry,1
tantamount,1
illusion,1
neural,1
circuitry,1
vindication,1
proscription,1
ministration,1
valediction,1
exculpation,1
architectural,1
exhibition,1
eleven,1
impacts,1
championed,1
graveyard,1
strewn,1
skeletons,1
unexplained,1
briefly,1
spotlight,1
fade,1
douse,1
intensify,1
perpetuate,1
capture,1
extinguish,1
secure,1
triggered,1
settlement,1
deadlock,1
hitherto,1
ready,1
bargain,1
unqualified,1
wants,1
insiders,1
stay,1
serving,1
birthday,1
reminders,1
induces,1
automated,1
witness,1
program,1
greeting,1
cards,1
delegate,1
ascribe,1
liken,1
finest,1
professionally,1
backhanded,1
paltry,1
sincerity,1
complain,1
hectic,1
schedules,1
suspecting,1
compulsive,1
busyness,1
guarded,1
despair,1
irritation,1
instances,1
tap,1
meteoric,1
ranging,1
malfeasance,1
incompetence,1
fraudulence,1
capriciousness,1
hysteria,1
impulsiveness,1
underestimated,1
espoused,1
happened,1
investigations,1
misunderstandings,1
blind,1
alleys,1
mistakes,1
sorts,1
desirable,1
transmitting,1
poorly,1
misrepresent,1
particularize,1
predicts,1
headway,1
adapting,1
alleviating,1
managing,1
transcending,1
solving,1
addressing,1
mitigating,1
frenzy,1
comics,1
frenzies,1
debates,1
roiled,1
precedes,1
glory,1
commonly,1
indicates,1
strained,1
diminishing,1
torpor,1
conservatism,1
arousal,1
pitfall,1
breakthrough,1
doubters,1
points,1
overlook,1
recycle,1
utilize,1
neglect,1
rehash,1
arriving,1
sweeping,1
generalizations,1
finite,1
insufficient,1
indirect,1
conclusive,1
comic,1
strip,1
fret,1
counterculture,1
terrible,1
happening,1
cartoonist,1
happen,1
deaths,1
adoptions,1
breakups,1
ceremonies,1
civil,1
arduousness,1
triviality,1
resonate,1
compete,1
outlandish,1
intangible,1
instinct,1
zenith,1
intellect,1
instincts,1
brute,1
impulses,1
jarring,1
gratifying,1
deal,1
evocative,1
polemical,1
unobservant,1
conceivably,1
resolution,1
budgetary,1
tempted,1
engage,1
fiscal,1
prudence,1
sparking,1
blatant,1
convincing,1
warfare,1
thefts,1
accent,1
connotation,1
sue,1
hacking,1
convinced,1
gravity,1
amused,1
unrecognizable,1
tempting,1
thrilling,1
inspiring,1
irritating,1
diverting,1
overture,1
fully,1
narrations,1
key,1
traits,1
bleaker,1
undercuts,1
possesses,1
prefigures,1
iron,1
debut,1
bridges,1
damaged,1
destroyed,1
persisted,1
augurs,1
institution,1
speaks,1
board,1
astuteness,1
nondescript,1
outstanding,1
conceal,1
invasive,1
posed,1
oak,1
pedagogical,1
classroom,1
overstated,1
inexplicable,1
sculptor,1
determined,1
overshadowed,1
precluded,1
calculated,1
target,1
understands,1
overcome,1
opprobrious,1
platitudinous,1
supercilious,1
polarizing,1
overtly,1
solely,1
pious,1
sparks,1
preachy,1
querulous,1
sanctimonious,1
plaintive,1
tends,1
repeat,1
uncle,1
safety,1
tinkering,1
genes,1
foods,1
reserved,1
prototypical,1
cantankerous,1
emerges,1
tilted,1
towards,1
worthy,1
tweaking,1
affirming,1
controverting,1
bolster,1
speaking,1
notwithstanding,1
fiery,1
genteel,1
bumbling,1
unremarkable,1
impassioned,1
standing,1
continuing,1
assaults,1
bewildering,1
admirable,1
unappreciated,1
uncommon,1
officials,1
senator,1
impediment,1
nonchalance,1
acumen,1
naiveté,1
attorney,1
stepped,1
inquiries,1
misfeasance,1
markets,1
regulators,1
officially,1
policing,1
diffident,1
everything,1
judgment,1
cohered,1
computation,1
strongly,1
repudiated,1
preliminary,1
reassuring,1
confirmation,1
concerns,1
dangers,1
explain,1
deflate,1
soothe,1
hide,1
titan,1
dimly,1
lit,1
habitable,1
forbidding,1
placid,1
northeastern,1
critically,1
reduced,1
instituted,1
prohibitions,1
trapping,1
extirpated,1
devalued,1
styles,1
heavy,1
light,1
embellishment,1
sections,1
succession,1
unadorned,1
directness,1
waiting,1
somewhere,1
loved,1
annoying,1
sustain,1
cathedrals,1
marvels,1
supposed,1
exemplar,1
glorification,1
antithesis,1
1945,1
attempting,1
industries,1
mishandled,1
bolstered,1
arrest,1
escalate,1
bacteria,1
tetanus,1
tuberculosis,1
botulism,1
triggers,1
insidious,1
activity,1
harmless,1
aberrant,1
alteration,1
corresponding,1
lifestyle,1
accessory,1
articulate,1
absurd,1
marginal,1
uncertain,1
doubts,1
beset,1
specialist,1
intuitive,1
strictly,1
logical,1
foreordained,1
conferences,1
deeply,1
conference,1
consisted,1
nine,1
lectures,1
panels,1
enlivened,1
pleasantries,1
construed,1
joke,1
sensory,1
deprivation,1
sessions,1
handsome,1
color,1
slides,1
presenters,1
seclusion,1
opulence,1
enormity,1
ascetic,1
line,1
struck,1
wonder,1
doctors,1
dispensing,1
miracles,1
forces,1
administrators,1
dollars,1
donors,1
difference,1
inflated,1
fastidious,1
oversell,1
generalize,1
irony,1
digital,1
networking,1
geographical,1
confinement,1
supposedly,1
transcended,1
location,1
dealings,1
values,1
outlooks,1
provincialism,1
materialism,1
men,1
ranks,1
professors,1
mix,1
alleviate,1
block,1
presage,1
hinder,1
depletion,1
nutrient,1
leached,1
replenish,1
worrisome,1
stubborn,1
intractable,1
travels,1
described,1
epic,1
adventures,1
heroic,1
aquatic,1
environments,1
herbicide,1
amphibians,1
diluted,1
hormonally,1
damaging,1
trace,1
concentrations,1
emergence,1
late,1
glowing,1
uncover,1
marbled,1
personage,1
inevitably,1
ponderous,1
laudatory,1
debunk,1
aggrandize,1
reproduce,1
colonial,1
aggregation,1
conjunction,1
outcomes,1
coordinated,1
disorganized,1
harmonious,1
imputed,1
youth,1
naturalist,1
john,1
falsely,1
studied,1
painter,1
hinted,1
heir,1
throne,1
disavowing,1
obfuscating,1
concocting,1
consumers,1
journalistic,1
flaw,1
slant,1
differentiate,1
stave,1
expense,1
sensationalism,1
inconsistency,1
opposing,1
vice,1
versa,1
cooled,1
glaciers,1
reflectivity,1
lowering,1
temperatures,1
halted,1
proponents,1
standpoint,1
resolved,1
fears,1
depart,1
whips,1
maelstroms,1
overrides,1
opponents,1
taxation,1
fury,1
publicly,1
advocated,1
meet,1
usage,1
politic,1
dejected,1
working,1
exalted,1
coddled,1
excoriated,1
mollified,1
deluded,1
millions,1
steps,1
herbal,1
remedies,1
placing,1
hopes,1
sidestep,1
vilify,1
blocks,1
illustrations,1
give,1
mien,1
resource,1
interesting,1
incredulity,1
ophthalmology,1
1820,1
1850,1
opening,1
five,1
eye,1
hospitals,1
ophthalmic,1
experimentation,1
sophistication,1
retrenchment,1
burgeoning,1
curtailment,1
fossils,1
ancestors,1
whales,1
encased,1
fetus,1
positioned,1
delivery,1
typical,1
birth,1
onshore,1
spent,1
teeth,1
suited,1
catching,1
fish,1
resistant,1
compliance,1
obsequiousness,1
veiled,1
fervent,1
authority,1
exercised,1
occasionally,1
discreetly,1
sabotaging,1
misconstrued,1
condemned,1
respected,1
acquiescence,1
intractability,1
veneration,1
detestation,1
circulatory,1
organisms,1
originated,1
separated,1
epochs,1
attest,1
mysteriousness,1
randomness,1
ambiguity,1
heterogeneity,1
indeterminacy,1
predecessors,1
nationalist,1
activists,1
inclined,1
organizations,1
expand,1
champion,1
idealize,1
performer,1
comedy,1
fundamentally,1
bighearted,1
manic,1
inflammatory,1
uninspired,1
puerile,1
cited,1
balanced,1
dissent,1
authoritarianism,1
forbearance,1
volatility,1
lucidity,1
meandering,1
journey,1
across,1
listening,1
medium,1
generates,1
sooner,1
intrudes,1
disk,1
letting,1
restores,1
liberating,1
boredom,1
sanity,1
university,1
latest,1
gift,1
clarify,1
offset,1
loans,1
poverty,1
normally,1
pursuits,1
remarkably,1
pointless,1
chic,1
sensible,1
link,1
subordinate,1
lies,1
root,1
sociability,1
uniqueness,1
cooperate,1
paleontologist,1
afresh,1
believing,1
classification,1
belied,1
conflated,1
divulged,1
relaxed,1
ebullient,1
overwrought,1
older,1
darker,1
slid,1
downhill,1
underneath,1
murky,1
compact,1
pristine,1
grimy,1
unblemished,1
dour,1
incapable,1
smiling,1
alone,1
laughing,1
tepid,1
lugubrious,1
premiership,1
ago,1
buy,1
weeks,1
rebels,1
reproach,1
deference,1
focuses,1
contradiction,1
liked,1
grandly,1
abstemiousness,1
contentiousness,1
surreptitiousness,1
clearly,1
writes,1
narrator,1
wise,1
speak,1
prompt,1
interpretation,1
bog,1
tale,1
adjudicate,1
went,1
veronica,1
buildings,1
tables,1
sensibilities,1
confining,1
diverse,1
perspectives,1
manages,1
antagonizing,1
referred,1
frontier,1
realm,1
humankind,1
erroneous,1
delusive,1
sketchy,1
hears,1
1295,1
returned,1
east,1
symbolizes,1
traced,1
island,1
therapies,1
liver,1
complaints,1
mud,1
saltwater,1
pools,1
spas,1
deemed,1
healthful,1
suspect,1
denies,1
funds,1
collisions,1
involving,1
shaping,1
proliferation,1
formed,1
4.5,1
billion,1
cataclysmic,1
uncontrollable,1
adolescence,1
forging,1
means,1
shoring,1
self,1
kids,1
seek,1
companions,1
spurn,1
bounds,1
evolves,1
mature,1
pattern,1
peer,1
clustering,1
looking,1
condemnation,1
private,1
equity,1
elsewhere,1
seniors,1
hopeful,1
advancement,1
vilified,1
stymied,1
hindered,1
aggrieved,1
circumvented,1
settles,1
stipulates,1
disseminates,1
endemic,1
introduce,1
additional,1
opposition,1
historic,1
scratch,1
reclassifying,1
augmenting,1
forestalling,1
publicizing,1
winnowing,1
conversant,1
discourse,1
turns,1
lie,1
conceive,1
alternate,1
sell,1
cognitive,1
honesty,1
undermines,1
forgoes,1
demands,1
equality,1
founding,1
division,1
mothers,1
fathers,1
persists,1
celebrate,1
countermand,1
parity,1
inclusiveness,1
stratification,1
explicitly,1
assesses,1
dynamic,1
parents,1
played,1
plenty,1
mystification,1
elucidation,1
obfuscation,1
protracted,1
interval,1
musical,1
composition,1
acceptance,1
spurns,1
prolonged,1
disagreeing,1
began,1
slippery,1
fruitless,1
supporting,1
columnist,1
implied,1
explanation,1
simplistic,1
ineffectual,1
documentation,1
taxonomists,1
north,1
undocumented,1
tropics,1
combining,1
fusion,1
publishers,1
presuppose,1
imitate,1
invention,1
writings,1
filled,1
purely,1
fictitious,1
speeches,1
figures,1
animating,1
rhetoric,1
continued,1
license,1
invent,1
eloquence,1
greenhouse,1
aggregate,1
disparities,1
fluctuations,1
variances,1
vacillations,1
dictator,1
gleaming,1
military,1
imperial,1
paraphernalia,1
leaders,1
august,1
majestic,1
casual,1
chains,1
ladder,1
lead,1
superfluous,1
unidimensional,1
giant,1
churn,1
disks,1
newborn,1
spiraling,1
suns,1
ironic,1
twist,1
symbol,1
danger,1
unease,1
pointlessness,1
sloth,1
apathy,1
novelists,1
immodestly,1
idealized,1
transcendent,1
averring,1
seeking,1
feigning,1
avowing,1
gets,1
excessively,1
authorities,1
exudes,1
deferential,1
trade,1
worried,1
titles,1
undistinguished,1
treatises,1
supplies,1
embargoes,1
insistence,1
balancing,1
revenues,1
contributed,1
stagnation,1
initiate,1
publicize,1
continue,1
recant,1
strike,1
heavily,1
fictionalized,1
types,1
concedes,1
guarantees,1
disputes,1
grants,1
magnificent,1
triumph,1
diffusion,1
rosy,1
tributes,1
evaluations,1
sparsely,1
populated,1
habitats,1
desert,1
tundra,1
oceans,1
endless,1
array,1
creatures,1
teem,1
roil,1
ebb,1
shape,1
attitudes,1
conscious,1
awareness,1
orientations,1
entail,1
pervade,1
psychological,1
implicit,1
cognition,1
interplay,1
rote,1
barring,1
discovery,1
hidden,1
eminent,1
intensely,1
ridiculed,1
admired,1
embellished,1
gradient,1
refraction,1
represent,1
extension,1
revolution,1
sample,1
sizes,1
invaluable,1
evanescence,1
intimation,1
demise,1
symmetry,1
decay,1
balance,1
deterioration,1
flawed,1
talk,1
bypass,1
exacerbate,1
magnify,1
acknowledge,1
performances,1
digest,1
strange,1
expected,1
traditionally,1
actors,1
felt,1
derisive,1
commentary,1
lambasted,1
misunderstood,1
rethink,1
arrangements,1
weird,1
blessing,1
liberate,1
cheer,1
shackle,1
admonish,1
educate,1
stifle,1
enliven,1
serious,1
drain,1
imperfections,1
pronounced,1
accompanied,1
aversion,1
animated,1
trendy,1
publishing,1
hidebound,1
attributable,1
shortcut,1
tracing,1
proportion,1
feels,1
lifeless,1
inert,1
jubilant,1
sensuous,1
foreground,1
narrates,1
relaxes,1
assurance,1
hint,1
delivered,1
chapter,1
1,1
comes,1
proselytizer,1
sage,1
deliberation,1
flamboyance,1
assigning,1
blame,1
deems,1
condemns,1
condones,1
curriculum,1
improvements,1
educators,1
halfhearted,1
cleverest,1
powerless,1
minutes,1
52,1
optimistically,1
assuming,1
expectancy,1
100,1
squeeze,1
quantify,1
enrich,1
radioactive,1
nuclear,1
dispose,1
unmanageable,1
troubling,1
message,1
mostly,1
buried,1
shortcomings,1
organization,1
voluble,1
insipid,1
coated,1
reveals,1
gingerbread,1
bitter,1
almond,1
imagines,1
overlooks,1
removes,1
celebrities,1
charity,1
donation,1
bar,1
hardest,1
managerial,1
memo,1
attitude,1
fanciful,1
scrupulous,1
guide,1
really,1
geography,1
tour,1
covering,1
forbears,1
paralyzing,1
pointed,1
retirement,1
participate,1
exchange,1
surfeit,1
reduction,1
stabilization,1
revelation,1
foresee,1
edges,1
borders,1
presented,1
transcend,1
former,1
utilitarianism,1
parochialism,1
elaborate,1
harpoon,1
heads,1
decorative,1
manufactured,1
franklin,1
appearing,1
commonsense,1
empiricism,1
startling,1
experiment,1
mentoring,1
remove,1
environment,1
respect,1
subjectivity,1
unbridled,1
expression,1
restrain,1
corrupt,1
expedite,1
microbes,1
protoplasm,1
animals,1
invisible,1
omnipresent,1
diminutive,1
ethereal,1
1908,1
explosion,1
sky,1
affected,1
indisputable,1
uncontested,1
unproven,1
monies,1
safer,1
literacy,1
ancillary,1
promotion,1
mentioned,1
stifles,1
energizes,1
disregards,1
weight,1
contention,1
agricultural,1
biotechnology,1
unsettling,1
retroactively,1
innocuously,1
intrinsically,1
auspicious,1
circuitous,1
turbulence,1
peoples,1
homogeneous,1
motivating,1
boring,1
asserting,1
hallmark,1
predecessor,1
tenure,1
federal,1
monetary,1
subscribe,1
mechanistic,1
firmness,1
adaptability,1
autonomy,1
strictness,1
paralyzes,1
sheep,1
notably,1
wide,1
impassive,1
solitary,1
adopted,1
strategy,1
unassailable,1
frustrate,1
galvanize,1
presume,1
affect,1
animate,1
thwart,1
main,1
republic,1
occur,1
south,1
tiger,1
deemphasized,1
implemented,1
doomed,1
bypassed,1
innovations,1
patenting,1
concepts,1
gene,1
choke,1
spurring,1
codifying,1
fostering,1
cataloging,1
covered,1
publications,1
neglected,1
unexplored,1
skirted,1
countered,1
revelations,1
universality,1
persistence,1
appeal,1
survival,1
drone,1
fly,1
sending,1
characteristically,1
forecasts,1
filling,1
automatically,1
profits,1
resourceful,1
assessment,1
undergone,1
ambitions,1
discarded,1
deferred,1
subverted,1
relinquished,1
tempered,1
modulated,1
contributor,1
silently,1
meetings,1
deferring,1
aides,1
magnanimity,1
perspicacity,1
detachment,1
benevolence,1
fabled,1
mental,1
capacities,1
scans,1
component,1
mammalian,1
limbic,1
precessing,1
emotions,1
buttressed,1
overwhelmed,1
discussions,1
pushed,1
diplomatic,1
15,1
reach,1
agreements,1
patents,1
sensitive,1
approached,1
articulated,1
musicals,1
plethora,1
jokes,1
dances,1
witty,1
gaiety,1
cheerless,1
vacuous,1
harpers,1
greets,1
unabashed,1
unrivaled,1
unchanged,1
unsurpassed,1
badgers,1
hares,1
deer,1
nurture,1
baby,1
squirrels,1
giraffes,1
protects,1
fosters,1
aids,1
cajoles,1
adopts,1
coaxes,1
sounding,1
temptation,1
immediately,1
uncertainties,1
discrepancies,1
crop,1
everywhere,1
fusty,1
recapitulate,1
forswear,1
qualify,1
plentiful,1
biased,1
merits,1
reluctant,1
offending,1
unparalleled,1
demur,1
approve,1
subway,1
station,1
downtown,1
pacific,1
impracticable,1
viable,1
beneficial,1
adept,1
rarefied,1
domains,1
spatial,1
recognition,1
edge,1
tells,1
differences,1
everybody,1
acts,1
adaptable,1
illusory,1
mimics,1
contradicts,1
services,1
harder,1
deliver,1
hoped,1
snag,1
prospect,1
hitch,1
upshot,1
occurred,1
audiences,1
remunerative,1
theaters,1
halls,1
rural,1
villages,1
village,1
cinemas,1
ramshackle,1
palaces,1
spartan,1
commonplace,1
unfashionable,1
peculiarities,1
irrationally,1
gravitate,1
basis,1
eccentricity,1
predilection,1
proclivity,1
wavering,1
cowardice,1
keeps,1
melodramatic,1
possibilities,1
latent,1
script,1
safely,1
bay,1
deliberately,1
vanish,1
palm,1
train,1
tortoises,1
shells,1
columnar,1
elephantine,1
specializations,1
independently,1
interchangeably,1
paradoxically,1
symmetrically,1
playwriting,1
fame,1
enabled,1
possibility,1
acquiring,1
capital,1
empowered,1
overextended,1
tenets,1
activist,1
disbanded,1
evaporated,1
seditious,1
leads,1
constant,1
revision,1
lot,1
insects,1
"950,000",1
confounding,1
invoke,1
concurred,1
thinkers,1
methodical,1
egotists,1
praising,1
competitors,1
punctuating,1
unassuming,1
complimentary,1
acerbic,1
ingenuous,1
cutting,1
due,1
forced,1
unions,1
employment,1
defensive,1
dominant,1
customary,1
detective,1
begin,1
vaguely,1
adults,1
devote,1
chronologies,1
apologies,1
synopses,1
rising,1
commodity,1
fell,1
leaving,1
analyst,1
downward,1
turning,1
point,1
picks,1
winter,1
months,1
spike,1
upsurge,1
harbinger,1
portent,1
lull,1
rightly,1
recognizes,1
planning,1
controls,1
wholesale,1
responsibility,1
liberalization,1
preservation,1
abnegation,1
recapitulation,1
accretion,1
nightingale,1
irreverent,1
1918,1
ushered,1
fashionable,1
unsympathetic,1
unsentimental,1
censorious,1
pedantic,1
thinking,1
appreciation,1
meaningless,1
credulous,1
pseudoscience,1
earned,1
scolding,1
endeavors,1
inadequacies,1
abstractions,1
complexities,1
debunking,1
generalizing,1
elegant,1
amalgam,1
mythology,1
gratify,1
entice,1
confuse,1
please,1
user,1
mere,1
accumulation,1
raw,1
organized,1
researched,1
discoveries,1
medicine,1
justly,1
encyclopedic,1
rambling,1
overbearing,1
undiscriminating,1
wing,1
finally,1
visitors,1
properly,1
entrances,1
eliminate,1
snake,1
visibility,1
wherewithal,1
solemnity,1
panache,1
satirizes,1
aspirants,1
moneyed,1
folk,1
abhor,1
relish,1
evoke,1
unattainable,1
insufferable,1
enchanting,1
participated,1
betrays,1
characteristic,1
shortcoming,1
quandary,1
ploy,1
electrical,1
grid,1
refinement,1
augmentation,1
omnipresence,1
drinking,1
coffee,1
gifts,1
feed,1
category,1
anecdote,1
weakness,1
worked,1
formidable,1
tough,1
irreversible,1
agree,1
risen,1
mistaken,1
sharing,1
details,1
pack,1
confessional,1
railroad,1
seeks,1
replete,1
entrepreneurs,1
indict,1
rehabilitate,1
excoriate,1
sandy,1
mark,1
promotes,1
contemplation,1
surroundings,1
thereby,1
fulfilling,1
privation,1
nurtured,1
resonated,1
thousand,1
muddled,1
convivial,1
hostile,1
mobile,1
devices,1
profusion,1
overload,1
distaste,1
sycophancy,1
sent,1
solitude,1
obeisance,1
created,1
presentation,1
affinity,1
jewels,1
metaphorical,1
sectarian,1
baroque,1
disorder,1
diagnosis,1
depends,1
descriptions,1
tests,1
biopsies,1
debate,1
debilitating,1
mimic,1
explained,1
rethinking,1
contributing,1
identifying,1
detailed,1
restrictive,1
revisionist,1
intensified,1
slackened,1
started,1
dampening,1
commenced,1
slowed,1
gravitational,1
analogous,1
electromagnetic,1
directly,1
extremely,1
weak,1
supernova,1
explosions,1
holes,1
collision,1
diameter,1
proton,1
detectable,1
usable,1
violent,1
masked,1
shaker,1
furniture,1
implies,1
humanism,1
shakers,1
nonhuman,1
inherent,1
anthropomorphic,1
fragment,1
postcards,1
clippings,1
wallpaper,1
hiller,1
transforms,1
centerpieces,1
compositions,1
extravagant,1
uniformity,1
banality,1
neighborhood,1
lingering,1
varied,1
demographics,1
boisterousness,1
unpretentiousness,1
idiosyncrasy,1
accessibility,1
homogeneity,1
upon,1
pathology,1
base,1
bedrock,1
imperative,1
foundations,1
vision,1
reversing,1
brighter,1
1990,1
reporting,1
diffusing,1
dimming,1
darkening,1
heating,1
deposits,1
resting,1
hydrocarbons,1
beds,1
rock,1
shale,1
remaining,1
bed,1
organic,1
lakes,1
stumping,1
subspecies,1
prototype,1
riddle,1
paragon,1
blur,1
boundaries,1
immoral,1
entertaining,1
federally,1
governed,1
regional,1
catalyst,1
dispersed,1
natures,1
imperturbable,1
dispositions,1
teacher,1
volatile,1
duplicitous,1
cunning,1
blithe,1
17,1
2008,1
reserving,1
curricula,1
arithmetic,1
counteracted,1
authoritarians,1
histrionic,1
charismatic,1
dispute,1
sisters,1
lasted,1
munificent,1
uncompromising,1
discretely,1
independent,1
overt,1
complained,1
quick,1
importunate,1
mercurial,1
inconstancy,1
dishonest,1
museums,1
justifying,1
grouping,1
commenting,1
repositories,1
restoring,1
income,1
estuaries,1
algae,1
houseplants,1
fertilizer,1
abound,1
proliferate,1
coalesce,1
collect,1
institutions,1
structure,1
concealed,1
impaired,1
outstripped,1
occasioned,1
collapse,1
ruling,1
looked,1
serenity,1
hominid,1
belonged,1
improbable,1
demonstrable,1
inquiry,1
dealt,1
statistics,1
probabilistic,1
domain,1
certainties,1
probabilities,1
irrationality,1
limits,1
intoxicated,1
fascination,1
undervalued,1
separating,1
larger,1
excavated,1
hammer,1
stones,1
purposes,1
complemented,1
underscored,1
brings,1
variety,1
wished,1
geographically,1
deplores,1
naysayer,1
pushover,1
braggart,1
absorbing,1
unfinished,1
shooting,1
preoccupied,1
thoughts,1
desertion,1
uncharacteristic,1
peculiarly,1
distill,1
special,1
limpid,1
pellucid,1
tranquil,1
flood,1
unforeseen,1
ecosystems,1
delay,1
foretell,1
yield,1
engender,1
label,1
foreigner,1
outside,1
assume,1
anachronistically,1
stemmed,1
confrontation,1
afflicting,1
patriotism,1
retains,1
compulsory,1
polemically,1
save,1
jobs,1
ones,1
cut,1
wages,1
enterprising,1
rapacious,1
troubled,1
avaricious,1
errors,1
submitted,1
notice,1
phenomenon,1
credible,1
unwelcome,1
quantifiable,1
consequential,1
noise,1
suppression,1
phones,1
cellphone,1
networks,1
efficient,1
sounds,1
transmitted,1
precious,1
network,1
band,1
width,1
wasted,1
unsuitable,1
detrimental,1
establishing,1
observed,1
percent,1
quadrant,1
astronomer,1
visual,1
masks,1
highlights,1
nullifies,1
disproves,1
accentuates,1
attending,1
sociologist,1
strengths,1
weaknesses,1
skepticism,1
lethargy,1
fervor,1
hybrid,1
etymological,1
minster,1
believed,1
unethical,1
indolence,1
incivility,1
paradoxical,1
disheartening,1
knotty,1
modernity,1
embedded,1
translation,1
inaccessible,1
distressing,1
organizers,1
catalog,1
galaxies,1
ahead,1
schedule,1
imagined,1
beguiled,1
astonished,1
Baffled,1
Buoyed,1
Embarrassed,1
alacrity,1
filming,1
crew,1
nicknamed,1
angriest,1
perfidious,1
voracious,1
dignified,1
bearing,1
impression,1
essentially,1
punctilious,1
courteous,1
complacent,1
workplace,1
frustrations,1
via,1
surreptitious,1
cooler,1
resolve,1
resentment,1
imitated,1
vexatious,1
opportunistic,1
equitable,1
open,1
die,1
muscles,1
weaken,1
fibers,1
facilitate,1
assist,1
haphazardly,1
burlesque,1
satire,1
chronicle,1
parody,1
rely,1
plagiarism,1
pretense,1
inspiration,1
poem,1
permeating,1
tabloid,1
deserve,1
straits,1
apropos,1
churlish,1
cagey,1
envy,1
green,1
grossly,1
interstellar,1
draws,1
parker,1
outlook,1
stark,1
economics,1
magisterial,1
antediluvian,1
flighty,1
chauvinistic,1
patronizing,1
disappointment,1
estimating,1
demographic,1
parameters,1
marine,1
mammals,1
requiring,1
sufficient,1
biologically,1
discern,1
envisage,1
withstand,1
detect,1
maize,1
biological,1
yellow,1
planet,1
utility,1
popularity,1
ancestry,1
helpful,1
legislators,1
sides,1
repeatedly,1
desire,1
middle,1
discussed,1
proclaimed,1
professed,1
disowned,1
betrayed,1
mill,1
versatile,1
predominantly,1
neglects,1
exaggerates,1
reinterprets,1
perfectly,1
bold,1
thrives,1
premature,1
verifiable,1
testable,1
concert,1
hall,1
suspended,1
ceiling,1
plaster,1
wall,1
angled,1
shaped,1
deaden,1
argues,1
diamonds,1
goods,1
debt,1
fungible,1
irreplaceable,1
permits,1
exploitation,1
masking,1
passages,1
acrimonious,1
marveled,1
humor,1
erudition,1
scarce,1
inexpensive,1
threatens,1
rest,1
parallels,1
bolsters,1
corroborates,1
outstrips,1
discreet,1
precipitate,1
tactful,1
pretended,1
decided,1
twenties,1
felicitous,1
prolific,1
abbreviated,1
justice,1
insulting,1
holds,1
discriminatory,1
incommensurable,1
rebellious,1
spirit,1
saw,1
ordinary,1
unconventional,1
quirky,1
flamboyant,1
whenever,1
chief,1
clean,1
coagulation,1
proteins,1
thinning,1
clotting,1
nullify,1
obviate,1
belie,1
mask,1
accentuate,1
cosmology,1
flipped,1
clarified,1
video,1
communication,1
undue,1
scant,1
dwindling,1
extrapolate,1
predictions,1
resemble,1
drawback,1
peculiarity,1
narratives,1
teach,1
struggle,1
steadfastly,1
meets,1
unjust,1
hardships,1
masters,1
unavoidable,1
insurmountable,1
neutral,1
enemy,1
wars,1
betray,1
expel,1
oust,1
sanction,1
suffers,1
departments,1
lend,1
devolve,1
acrimony,1
dissension,1
variance,1
comity,1
conformity,1
mordancy,1
reflected,1
compounded,1
calamitous,1
ongoing,1
responsibilities,1
exotic,1
ineffective,1
obligatory,1
jettisoned,1
contrived,1
chivalrous,1
impetuous,1
boorish,1
miller,1
reminded,1
clients,1
inherently,1
diametrically,1
employees,1
adversarial,1
exploitative,1
antagonistic,1
changeable,1
assessing,1
warmth,1
perceive,1
infer,1
unfeeling,1
adduce,1
disruption,1
invaded,1
minimal,1
trifling,1
deleterious,1
home,1
schooling,1
representing,1
taught,1
discretion,1
overcomes,1
embodies,1
progressive,1
reactionary,1
populist,1
possess,1
dichotomous,1
unsustainable,1
subversive,1
duck,1
extinct,1
fair,1
breeding,1
misrepresented,1
cherished,1
declines,1
song,1
sparrow,1
argue,1
factor,1
crushing,1
blows,1
momentous,1
spectacularly,1
pieces,1
downloaded,1
strategic,1
targeted,1
feel,1
organizing,1
disorienting,1
humbling,1
empowering,1
disregarding,1
teaches,1
motley,1
assortment,1
safeguard,1
edited,1
uneven,1
suffer,1
overarching,1
thesis,1
quantity,1
disparate,1
mediocre,1
engaging,1
unambiguous,1
attractive,1
interpretations,1
misunderstand,1
comprehend,1
complicate,1
stigma,1
blemish,1
allure,1
leadership,1
direct,1
marred,1
compassionate,1
decisive,1
grandstanding,1
partisanship,1
vote,1
1920,1
gradually,1
married,1
eroded,1
revised,1
employee,1
fractiousness,1
coworkers,1
quiet,1
easygoing,1
learned,1
walk,1
toddlers,1
dance,1
joy,1
skilled,1
inattentive,1
delightful,1
contagious,1
irked,1
immersed,1
asset,1
flippancy,1
aimlessness,1
tendentiousness,1
hundreds,1
digging,1
wealthy,1
detritus,1
supposition,1
theorizing,1
hamper,1
narration,1
mockingbird,1
mixing,1
perspective,1
immediate,1
exigencies,1
matters,1
taste,1
patron,1
collector,1
strangest,1
satisfying,1
judgments,1
proofs,1
mediated,1
ensure,1
chosen,1
journal,1
editors,1
timelessness,1
originality,1
fairness,1
comprehensiveness,1
novelty,1
examine,1
degree,1
fluency,1
bad,1
muddle,1
virtues,1
vices,1
ambivalence,1
manageable,1
maze,1
invented,1
lose,1
rodent,1
labyrinth,1
mazes,1
effective,1
nourishment,1
emphasis,1
dimension,1
culinary,1
unprecedented,1
unwarranted,1
illuminating,1
groundless,1
towns,1
voted,1
county,1
solid,1
narrow,1
oppose,1
loath,1
stunning,1
educated,1
contemptuous,1
ignorance,1
decry,1
remedy,1
slight,1
variation,1
timing,1
star,1
pulses,1
deduce,1
pulled,1
backwards,1
forwards,1
orbiting,1
monkey,1
gestural,1
vocal,1
tease,1
meanings,1
developmental,1
rich,1
oversight,1
ameliorated,1
trains,1
automobiles,1
latter,1
occupant,1
railway,1
carriages,1
running,1
tracks,1
lavishly,1
efficiently,1
vacant,1
unimpeded,1
spans,1
scale,1
plasticity,1
discontinuity,1
lopsided,1
industrial,1
economies,1
swift,1
turbulent,1
habitual,1
front,1
concealing,1
amazing,1
reserves,1
patience,1
cordiality,1
disorganization,1
conviviality,1
diffidence,1
exasperation,1
projecting,1
onto,1
blank,1
canvases,1
aided,1
accurately,1
depict,1
instrumental,1
verisimilitude,1
maligned,1
disputed,1
insisted,1
disclose,1
brook,1
weigh,1
using,1
framework,1
everyone,1
broadly,1
agrees,1
grandma,1
insists,1
house,1
haunted,1
clamorous,1
invidious,1
numinous,1
sonorous,1
poison,1
dart,1
poisons,1
toxins,1
enigma,1
contained,1
beetles,1
frogs,1
eaten,1
poisoned,1
signature,1
photosynthesis,1
biotic,1
upper,1
reaches,1
planetary,1
presumption,1
detection,1
photographic,1
prints,1
auctions,1
entry,1
causing,1
intensification,1
pioneers,1
modernists,1
keen,1
exclusive,1
fickle,1
antiquarian,1
legitimate,1
inclines,1
epilogue,1
arguing,1
ballet,1
arrives,1
overstatement,1
misinterpretation,1
imprecision,1
vagueness,1
hyperbole,1
reconstruct,1
verse,1
singular,1
counterfeit,1
fake,1
committees,1
unreasonable,1
gainsay,1
glance,1
humanitarian,2
emergencies,2
frequent,2
exposure,2
seldom,2
resigned,2
impotency,2
demoralizes,2
assuages,2
galvanizes,2
exasperates,2
minor,2
added,2
prevented,2
governments,2
blindly,2
drastically,2
hamstring,2
reinvent,2
revitalize,2
impair,2
invigorate,2
apparently,2
catch,2
intelligent,2
evasive,2
furtive,2
optical,2
thermal,2
behavior,2
computer,2
consist,2
scenic,2
naturalism,2
generality,2
synthesizing,2
drawn,2
fields,2
uncanny,2
aptness,2
already,2
minds,2
contemporaries,2
emergent,2
discredited,2
aspect,2
emotional,2
lacks,2
occasional,2
coincidence,2
continuous,2
continuity,2
obey,2
rule,2
crowds,2
midst,2
begins,2
streams,2
pull,2
inflexible,2
optimism,2
confidence,2
outlines,2
conveyed,2
intercepted,2
oversee,2
obliged,2
submit,2
inspection,2
monitored,2
reforming,2
constraining,2
floods,2
resulting,2
usual,2
rainfall,2
connections,2
tenuous,2
opinions,2
coincided,2
posits,2
intersect,2
asserted,2
conceded,2
doubted,2
pondered,2
advocates,2
evaluation,2
otters,2
kilometers,2
routine,2
reached,2
beyond,2
memorable,2
quips,2
pensiveness,2
fastidiousness,2
congeniality,2
reclusive,2
clergyman,2
melancholy,2
hampered,2
admitted,2
fared,2
degradation,2
duplicate,2
elucidate,2
vary,2
pertain,2
contend,2
overall,2
contribute,2
magnitude,2
scientist,2
reported,2
month,2
rush,2
continually,2
spewed,2
sun,2
lowest,2
50,2
remoteness,2
instability,2
genetic,2
cases,2
zealous,2
shifting,2
fortunes,2
confined,2
onerous,2
taxing,2
photographers,2
delighted,2
instant,2
encouraged,2
stop,2
handle,2
spontaneity,2
autonomous,2
assembled,2
fails,2
description,2
cliché,2
ideological,2
assumptions,2
citing,2
diplomacy,2
subtly,2
inducing,2
preference,2
requests,2
granting,2
elected,2
branches,2
citizens,2
efficacy,2
continues,2
exclusively,2
ceremonial,2
rituals,2
date,2
version,2
qualities,2
grateful,2
putting,2
budgets,2
print,2
precedents,2
incised,2
carvings,2
tattoo,2
marks,2
inlay,2
clothing,2
mitts,2
footwear,2
wood,2
ivory,2
missionaries,2
prestigious,2
wrest,2
constraints,2
entirely,2
psychology,2
friendship,2
relationship,2
advent,2
advantages,2
incentives,2
pecuniary,2
sluggish,2
dilatory,2
novelist,2
simplicity,2
scholar,2
foolish,2
refuse,2
offer,2
expedient,2
absent,2
progress,2
abilities,2
rigorous,2
sophisticated,2
focus,2
restlessness,2
regret,2
fancying,2
adverse,2
restorative,2
pleasurable,2
unfavorable,2
tonic,2
records,2
depended,2
collegiality,2
endurance,2
exactitude,2
eminence,2
tenacity,2
environmentally,2
polystyrene,2
indicated,2
related,2
hazardous,2
costs,2
affair,2
ferryboats,2
frayed,2
stewed,2
wisdom,2
says,2
getting,2
cars,2
mayors,2
eagerly,2
pursued,2
ferry,2
captivated,2
outraged,2
dictum,2
focusing,2
testing,2
qualifies,2
jettisons,2
affirms,2
ignoring,2
predicting,2
confirming,2
concrete,2
whereby,2
earlier,2
impulse,2
albeit,2
subversiveness,2
culpability,2
iconoclastic,2
temperate,2
pace,2
creation,2
precedent,2
conspired,2
stock,2
slumped,2
ensuing,2
spate,2
run,2
mild,2
heartening,2
illuminated,2
consolidated,2
stimulants,2
concomitants,2
slumbered,2
slot,2
near,2
fatiguing,2
festival,2
somnolent,2
lethargic,2
laconic,2
befuddled,2
evenhanded,2
studying,2
ancients,2
refuted,2
swayed,2
defied,2
corruption,2
pervaded,2
colleague,2
confounded,2
options,2
peace,2
forgo,2
dampen,2
benefit,2
currently,2
portray,2
charge,2
moderate,2
affection,2
sister,2
plainly,2
permit,2
painless,2
departure,2
unsteady,2
unbounded,2
noticeable,2
birds,2
imprecise,2
emulation,2
references,2
disseminate,2
molder,2
warehouse,2
dependent,2
incisive,2
professional,2
supported,2
subtlety,2
convince,2
persuade,2
perplex,2
seeming,2
unworldly,2
wholly,2
conventionality,2
academy,2
romance,2
paradoxes,2
commonplaces,2
40,2
hours,2
recall,2
prior,2
acute,2
persuasive,2
allows,2
conveying,2
distance,2
architects,2
extroverted,2
conscientious,2
visible,2
salient,2
site,2
interpreted,2
indicative,2
center,2
cluster,2
smaller,2
settlements,2
presumably,2
geological,2
chemistry,2
followed,2
conventions,2
sought,2
energetically,2
discernment,2
frustrating,2
exciting,2
challenged,2
dramatic,2
lesson,2
wanting,2
monarchy,2
modernized,2
cherishes,2
commend,2
discount,2
regal,2
analyses,2
portrait,2
loss,2
declining,2
deteriorating,2
fantasy,2
plots,2
domestic,2
improvement,2
accountability,2
disarray,2
unruliness,2
faultlessness,2
loyalty,2
perfection,2
ingenuity,2
challenges,2
developments,2
creating,2
conspicuous,2
challenging,2
advantageous,2
cultivate,2
providing,2
hearing,2
composers,2
idle,2
thwarted,2
anonymous,2
novels,2
realize,2
condemn,2
rationalize,2
realistic,2
tropical,2
archaeologists,2
contiguous,2
tract,2
virgin,2
rain,2
southern,2
amazon,2
transformed,2
parkland,2
contact,2
islands,2
savanna,2
transition,2
zone,2
naturalness,2
sustainability,2
isolated,2
anthropogenic,2
greeted,2
twenty,2
sensing,2
illustration,2
imprudence,2
virtual,2
redundancy,2
altruistic,2
vocalists,2
auditioned,2
melody,2
unpleasant,2
voice,2
imagine,2
warbling,2
improvising,2
shrieking,2
crooning,2
caterwauling,2
salmon,2
pages,2
presenting,2
black,2
search,2
moreover,2
deeper,2
responsible,2
assiduousness,2
stupefaction,2
certitude,2
looks,2
artistic,2
consolidating,2
instantaneous,2
encoded,2
moved,2
storage,2
memories,2
imprinted,2
sequential,2
momentary,2
failed,2
rapidly,2
ogres,2
grounded,2
attacking,2
purveyor,2
peopled,2
producer,2
primary,2
visionaries,2
innocents,2
inertial,2
alleging,2
pharmaceutical,2
payments,2
unimpeachable,2
blameless,2
broken,2
unyielding,2
flawless,2
enhance,2
sitting,2
generation,2
engaged,2
heartfelt,2
meager,2
justified,2
hoping,2
faced,2
practices,2
outright,2
sum,2
symptoms,2
discounted,2
papers,2
course,2
describe,2
attribute,2
report,2
amplify,2
efficiency,2
exhaustiveness,2
analyzing,2
periods,2
painting,2
renaissance,2
recognized,2
set,2
understandable,2
disproved,2
bring,2
valid,2
revise,2
recognize,2
available,2
definitive,2
statement,2
characters,2
commitments,2
stagnate,2
photographs,2
politically,2
characterize,2
edifying,2
genuine,2
dilemma,2
recognizing,2
reports,2
tended,2
destructive,2
context,2
reviews,2
reviewer,2
decidedly,2
depressing,2
belies,2
anticipates,2
suspension,2
dates,2
ambitious,2
directors,2
supplant,2
stoicism,2
fear,2
threat,2
nonnative,2
garlic,2
mustard,2
plant,2
thriving,2
uniform,2
improving,2
counterintuitive,2
mixed,2
discouraging,2
inconsistent,2
respectful,2
candidate,2
comments,2
leader,2
truculent,2
cautious,2
imagination,2
provides,2
lively,2
entertainment,2
insincere,2
taciturn,2
loquacious,2
garrulous,2
paradigm,2
dominate,2
selecting,2
academic,2
seen,2
face,2
politician,2
unintelligible,2
unimaginative,2
unjustified,2
unimportant,2
journalists,2
inexperience,2
press,2
extraordinary,2
advantage,2
concluded,2
astronomical,2
fundamental,2
denied,2
moon,2
cold,2
daunting,2
beaver,2
underrated,2
eyewitness,2
perished,2
memoirs,2
alleged,2
unreliable,2
abstruse,2
secondhand,2
repetitious,2
chronological,2
paucity,2
stemming,2
formlessness,2
youthfulness,2
appealing,2
short,2
favors,2
wish,2
stand,2
dead,2
manufacturing,2
sector,2
deadly,2
efficacious,2
undetectable,2
half,2
classical,2
conception,2
sure,2
convincingly,2
apt,2
profound,2
worries,2
feeling,2
venues,2
corporate,2
came,2
sycophantic,2
formula,2
phenomena,2
interdependent,2
dissimilar,2
regarding,2
researches,2
external,2
tax,2
improvise,2
interactions,2
peers,2
refutation,2
originator,2
bit,2
silly,2
movies,2
honest,2
portrayed,2
harrowing,2
younger,2
gender,2
portend,2
historically,2
nitrogen,2
farmers,2
struggled,2
risky,2
showing,2
compounds,2
kill,2
nothingness,2
microscope,2
aerial,2
viewings,2
gigantic,2
artistry,2
piece,2
crudely,2
constructed,2
unless,2
manifest,2
undercut,2
authors,2
myths,2
surrounding,2
biographies,2
try,2
legend,2
academics,2
evolution,2
deserves,2
abused,2
misused,2
divisive,2
contradictory,2
glamorous,2
claimed,2
cultivated,2
feature,2
competitive,2
price,2
competition,2
accuracy,2
formation,2
surge,2
cooling,2
asserts,2
tent,2
caused,2
static,2
uncertainty,2
hostility,2
obstacles,2
toward,2
gainsaid,2
decisions,2
severe,2
sober,2
motives,2
cure,2
gray,2
dozen,2
educational,2
offering,2
yielded,2
fresh,2
insights,2
land,2
sea,2
fossil,2
mammal,2
gave,2
big,2
feet,2
walking,2
cynicism,2
justification,2
broad,2
circumstances,2
myriad,2
feminist,2
orientation,2
roman,2
focused,2
downplay,2
defend,2
displays,2
core,2
sweetness,2
anxiety,2
fulfillment,2
choice,2
fighting,2
innovation,2
downright,2
claim,2
distinctions,2
tone,2
irascible,2
employs,2
preservationist,2
changing,2
subculture,2
constitute,2
fruitful,2
giving,2
access,2
nonexistent,2
penalty,2
bright,2
exposed,2
speech,2
functions,2
exist,2
lesser,2
primates,2
primitive,2
mirthful,2
jovial,2
respite,2
relief,2
prime,2
minister,2
defining,2
portraying,2
woman,2
live,2
irascibility,2
insouciance,2
seventeenth,2
jejune,2
categories,2
designing,2
stimulating,2
confusing,2
engages,2
dealing,2
gain,2
ocean,2
sometimes,2
polo,2
encountered,2
durable,2
requires,2
conceivable,2
bones,2
treatments,2
malady,2
prognosis,2
cosmic,2
surfaces,2
craters,2
pervasive,2
random,2
kept,2
adult,2
alienation,2
fierce,2
accord,2
enormous,2
forge,2
consensus,2
assembly,2
fractious,2
restive,2
compliant,2
firms,2
look,2
managers,2
bears,2
involve,2
title,2
introduction,2
marked,2
designs,2
purports,2
nineteen,2
interrelationship,2
interdependence,2
ceased,2
option,2
unconnected,2
simultaneous,2
conditional,2
transparent,2
isolationism,2
lying,2
going,2
intellectually,2
skills,2
advanced,2
intricate,2
ended,2
futile,2
health,2
certainty,2
classifying,2
elements,2
exploit,2
per,2
capita,2
flares,2
foreseeable,2
intended,2
stimulate,2
ought,2
endeavor,2
uncontrolled,2
decide,2
conversely,2
unprotected,2
flourishing,2
sustained,2
languishing,2
proliferating,2
diversifying,2
jettison,2
relax,2
futility,2
exalt,2
rejecting,2
inspire,2
content,2
leave,2
trickster,2
seeding,2
clues,2
nowhere,2
disdained,2
relished,2
prices,2
rigid,2
repudiate,2
famous,2
fall,2
publicist,2
broadcasters,2
anniversaries,2
celebration,2
patriotic,2
sentiment,2
wrapped,2
panoply,2
manufacture,2
mythical,2
serviceable,2
scrutiny,2
received,2
staff,2
encomiums,2
attention,2
publicity,2
terrestrial,2
condone,2
scrutinized,2
published,2
dispersal,2
involved,2
unexceptional,2
inveterate,2
transience,2
conducted,2
subjective,2
help,2
biases,2
validity,2
audience,2
none,2
techniques,2
crafted,2
uniquely,2
review,2
grown,2
readable,2
risk,2
facing,2
tool,2
difficulties,2
correct,2
admire,2
soon,2
master,2
enthusiasm,2
divided,2
ignores,2
surprised,2
impressed,2
orthodox,2
frank,2
man,2
celebrity,2
preclude,2
elicit,2
draw,2
replace,2
tasks,2
expect,2
apart,2
erratic,2
extensive,2
behavioral,2
plans,2
flexibility,2
reasonably,2
conundrum,2
forestall,2
sociology,2
distinct,2
historicism,2
functional,2
ornamental,2
investigation,2
judicious,2
sciences,2
disguise,2
noted,2
combined,2
minuscule,2
verification,2
egregious,2
inductive,2
event,2
body,2
fragments,2
productive,2
strengthen,2
pessimistic,2
calm,2
preserve,2
refused,2
lions,2
workers,2
aimed,2
carnivores,2
policies,2
size,2
modified,2
patent,2
sequences,2
corporations,2
acknowledging,2
article,2
bank,2
uncommonly,2
potency,2
banking,2
governmental,2
discretionary,2
bureaucratic,2
fairy,2
continuously,2
weather,2
dearth,2
abandoned,2
feeble,2
elephant,2
wild,2
write,2
champions,2
acquiesce,2
connecting,2
banal,2
computers,2
simultaneously,2
outmoded,2
parts,2
deep,2
disciplined,2
relevant,2
web,2
england,2
provided,2
profitable,2
vacillation,2
evolved,2
continent,2
founders,2
imply,2
second,2
negotiating,2
scholarly,2
disastrous,2
essay,2
reasoning,2
signal,2
lines,2
scathing,2
precision,2
wont,2
stomachs,2
regurgitate,2
liquid,2
old,2
fight,2
beneficence,2
altruism,2
intelligence,2
fecundity,2
fertility,2
jazz,2
bebop,2
born,2
away,2
communications,2
wealth,2
intricacy,2
insular,2
friends,2
paintings,2
upheaval,2
caught,2
surprise,2
warnings,2
imminent,2
stern,2
prophetic,2
repeated,2
agriculture,2
dietary,2
guidelines,2
laid,2
eat,2
smarter,2
list,2
osteoporosis,2
diabetes,2
intangibles,2
misconceptions,2
maladies,2
assuage,2
plague,2
blood,2
promises,2
conflict,2
enigmatic,2
spread,2
geometry,2
observe,2
explicable,2
unconscious,2
double,2
infinitely,2
slip,2
send,2
crashing,2
destruction,2
arduous,2
covert,2
collecting,2
artifacts,2
discussion,2
birthplace,2
wolf,2
insightful,2
function,2
consideration,2
performance,2
wright,2
indolent,2
equally,2
roles,2
exacting,2
partiality,2
archives,2
grow,2
neutralized,2
obscured,2
extraneous,2
ugly,2
landscape,2
obligated,2
regardless,2
document,2
discredit,2
authenticity,2
mystery,2
grinding,2
royal,2
praise,2
atmosphere,2
achieve,2
profession,2
influential,2
meaningful,2
dust,2
constitutes,2
mass,2
contribution,2
total,2
collected,2
sagacious,2
guinea,2
associated,2
specific,2
caves,2
owner,2
secrets,2
impenetrable,2
immutable,2
proprietary,2
galaxy,2
zoo,2
volunteers,2
water,2
muscle,2
reflects,2
circumspect,2
opposed,2
tolerate,2
anywhere,2
achieved,2
windmills,2
speculations,2
baseless,2
stage,2
eclipse,2
purchasers,2
committed,2
willing,2
useless,2
agencies,2
remarkable,2
declare,2
passion,2
thoughtful,2
forbore,2
untenable,2
police,2
routinely,2
ratio,2
unexpected,2
promising,2
assumed,2
inbreeding,2
manner,2
collections,2
essays,2
greatly,2
presidency,2
contain,2
tedious,2
incinerators,2
lenses,2
frog,2
beetle,2
molecular,2
oxygen,2
collectors,2
aims,3
value,3
influence,3
enjoyed,3
overlooked,3
setting,3
goals,3
perhaps,3
year,3
elusive,3
ecological,3
technological,3
realism,3
precise,3
figure,3
abstraction,3
lee,3
trends,3
superseded,3
capacity,3
accept,3
atoms,3
discover,3
move,3
effort,3
chaotic,3
acquainted,3
correspondence,3
decision,3
manuscripts,3
commended,3
impartial,3
increase,3
get,3
noting,3
exception,3
acknowledged,3
meticulous,3
ubiquitous,3
drollness,3
lived,3
died,3
wondering,3
mysterious,3
mood,3
expansion,3
significance,3
failure,3
pointing,3
competing,3
closely,3
uses,3
favorable,3
emphasize,3
demonstrating,3
positive,3
words,3
wind,3
level,3
quiescence,3
candid,3
behind,3
centuries,3
start,3
sacrosanct,3
ephemeral,3
malleable,3
gives,3
account,3
specificity,3
humans,3
involves,3
concession,3
connection,3
supreme,3
court,3
maintain,3
formal,3
narrative,3
genre,3
inadequate,3
condescending,3
substantial,3
facial,3
skin,3
unknown,3
attempts,3
nonetheless,3
cinema,3
understood,3
measured,3
forestalled,3
necessary,3
critic,3
prose,3
opaque,3
language,3
growing,3
excessive,3
feelings,3
beginning,3
alternative,3
previous,3
exploration,3
gone,3
assumption,3
recycling,3
exploited,3
said,3
relieve,3
nerves,3
traffic,3
pollution,3
unfortunately,3
consequence,3
implementation,3
reduce,3
hypotheses,3
unfamiliar,3
purpose,3
economists,3
prominence,3
promoted,3
flout,3
indiscriminate,3
job,3
recovery,3
declined,3
investment,3
scandals,3
atypical,3
excitement,3
unfortunate,3
conclusion,3
astronomers,3
finding,3
disparaged,3
endorse,3
radical,3
reject,3
ambivalent,3
word,3
summer,3
humanity,3
astronomy,3
inspired,3
paints,3
explains,3
removed,3
ethos,3
regarded,3
bridge,3
eighteenth,3
basic,3
favor,3
play,3
pressure,3
everyday,3
media,3
committee,3
chaos,3
commentators,3
direction,3
reflect,3
pragmatic,3
repertoire,3
previously,3
renowned,3
salutary,3
forests,3
shown,3
largest,3
consistently,3
electronic,3
remote,3
pioneering,3
interpreting,3
promise,3
anything,3
leading,3
prefer,3
imitating,3
fishery,3
province,3
resurgence,3
pertinent,3
arts,3
consequently,3
timely,3
eager,3
applaud,3
mockery,3
compelling,3
major,3
consequences,3
whatever,3
deliberate,3
myth,3
otherwise,3
enduring,3
pursuit,3
practitioners,3
numerous,3
articles,3
generous,3
ingenious,3
proves,3
implacable,3
serve,3
ever,3
entire,3
call,3
compliment,3
sincere,3
plausible,3
demanding,3
pride,3
number,3
investors,3
management,3
patients,3
written,3
transparency,3
warming,3
limiting,3
returns,3
critiques,3
affairs,3
artist,3
wrong,3
deception,3
exercise,3
specious,3
faults,3
identity,3
maintains,3
avoids,3
native,3
plants,3
biologists,3
activities,3
education,3
flaws,3
undermined,3
regard,3
needs,3
pugnacious,3
sentiments,3
case,3
tend,3
shift,3
undermine,3
affable,3
three,3
unusual,3
shared,3
pessimism,3
turned,3
done,3
left,3
unfathomable,3
treated,3
pursue,3
historian,3
eliminated,3
together,3
speculative,3
questionable,3
controversy,3
personality,3
worst,3
certainly,3
sentence,3
distinctive,3
medieval,3
concerned,3
merely,3
longer,3
technical,3
interrelated,3
heterogeneous,3
produce,3
develop,3
criticize,3
expensive,3
implausible,3
quickly,3
journals,3
concentrated,3
changed,3
concept,3
attributed,3
examined,3
ground,3
justify,3
evolve,3
underlying,3
situation,3
diffuse,3
beliefs,3
either,3
widespread,3
mountains,3
surface,3
ice,3
opinion,3
living,3
pure,3
evident,3
animal,3
took,3
expressed,3
origin,3
primarily,3
gloomy,3
donations,3
resilience,3
specimens,3
particularly,3
strong,3
ideology,3
dynamics,3
authoritative,3
truth,3
expressions,3
exaggeration,3
motivation,3
images,3
regions,3
material,3
crucial,3
let,3
vulnerable,3
documentary,3
supports,3
included,3
vapid,3
dogmatic,3
exhilarating,3
pasta,3
western,3
augmented,3
debunked,3
commitment,3
achieving,3
tractable,3
becoming,3
proposal,3
actual,3
children,3
truthfulness,3
young,3
practical,3
speculation,3
conjecture,3
position,3
impractical,3
whereas,3
historians,3
huge,3
distortions,3
keep,3
planets,3
perilous,3
protecting,3
creativity,3
absence,3
rules,3
extend,3
common,3
question,3
dark,3
publisher,3
relatively,3
practice,3
consumption,3
censure,3
participation,3
conjectural,3
aesthetics,3
theater,3
dense,3
easy,3
showed,3
owners,3
picture,3
opportunity,3
quality,3
credit,3
waste,3
allow,3
effect,3
believe,3
choices,3
universe,3
defined,3
utilitarian,3
truly,3
perfunctory,3
potential,3
healthier,3
suggesting,3
spontaneous,3
empire,3
mean,3
nations,3
interference,3
stars,3
wary,3
impressive,3
variable,3
interests,3
observation,3
war,3
spend,3
energy,3
demand,3
acceptable,3
enterprise,3
belief,3
survive,3
cosmopolitan,3
clarity,3
dynasty,3
challenge,3
esoteric,3
factors,3
waves,3
secret,3
clandestine,3
patterns,3
compromise,3
laboratory,3
students,3
cave,3
questions,3
prove,3
built,3
prevalent,3
neither,3
problematic,3
watermills,3
reliability,3
features,4
television,4
news,4
volume,4
philosophy,4
tradition,4
companies,4
ample,4
ability,4
promote,4
aesthetic,4
sharp,4
philosophical,4
impartiality,4
objectivity,4
skill,4
appeared,4
power,4
plot,4
simple,4
channels,4
emerge,4
follow,4
flow,4
intensity,4
vividly,4
career,4
politics,4
goal,4
throughout,4
sleep,4
weakened,4
tendentious,4
indifferent,4
reason,4
kinds,4
clear,4
influenced,4
served,4
contexts,4
habitat,4
condition,4
achievements,4
suggest,4
place,4
limitation,4
last,4
sign,4
charged,4
particles,4
million,4
miles,4
hour,4
diminished,4
objective,4
reasons,4
twentieth,4
derision,4
carefully,4
internal,4
clever,4
propose,4
communicate,4
back,4
rampant,4
disregarded,4
support,4
bone,4
antler,4
materials,4
introduced,4
character,4
terms,4
conciliatory,4
contentious,4
real,4
anticipated,4
commercial,4
full,4
meticulousness,4
trust,4
cups,4
products,4
producing,4
similar,4
benefits,4
ferries,4
congestion,4
misguided,4
cynical,4
confused,4
method,4
ultimate,4
decades,4
politicians,4
rejected,4
designers,4
mainstream,4
unique,4
slow,4
market,4
ambiguous,4
reception,4
fault,4
realized,4
intrinsic,4
newspaper,4
stories,4
hope,4
mind,4
lucrative,4
meant,4
designed,4
contributions,4
idealism,4
dubious,4
team,4
indispensable,4
reliable,4
pass,4
archaeological,4
read,4
travel,4
produced,4
plays,4
successful,4
counterparts,4
egalitarian,4
anachronistic,4
soil,4
favored,4
calls,4
increasingly,4
presents,4
celebrated,4
scholarship,4
skeptics,4
sites,4
ubiquity,4
later,4
share,4
local,4
attempt,4
surprising,4
text,4
examination,4
hold,4
actions,4
museum,4
inevitable,4
image,4
financial,4
arguably,4
tried,4
term,4
technology,4
behaviors,4
literary,4
somewhat,4
source,4
faculty,4
fail,4
final,4
emissions,4
theoretical,4
rapid,4
perplexing,4
evidence,4
unpredictability,4
inconsequential,4
nearly,4
derives,4
poetry,4
tales,4
equal,4
biodiversity,4
exaggerated,4
learning,4
model,4
publication,4
opposite,4
style,4
standard,4
unfounded,4
except,4
mathematical,4
hypothesis,4
limited,4
result,4
convoluted,4
reflection,4
including,4
physical,4
regular,4
disaster,4
numbers,4
mundane,4
illuminate,4
horse,4
cultures,4
usually,4
consistent,4
bias,4
mountain,4
regulation,4
argued,4
anyone,4
disease,4
probably,4
range,4
compared,4
pedestrian,4
era,4
examples,4
predict,4
dangerous,4
accepted,4
state,4
virtually,4
intelligible,4
seemingly,4
good,4
didactic,4
intriguing,4
object,4
spending,4
superficial,4
child,4
labor,4
frequently,4
earth,4
artists,4
gas,4
multiple,4
called,4
copying,4
occasions,4
complete,4
contains,4
methods,4
erudite,4
democracy,4
sound,4
country,4
idealistic,4
beautiful,4
reviewers,4
ambition,4
ants,4
food,4
intransigent,4
signals,4
colleagues,4
oil,4
precarious,4
conservation,4
escape,4
photographer,4
ecosystem,4
legends,4
books,4
space,5
following,5
characterized,5
persistent,5
generate,5
initially,5
avoid,5
movement,5
join,5
particular,5
remarks,5
careless,5
put,5
build,5
experts,5
active,5
difficult,5
impact,5
whether,5
controlled,5
identified,5
applications,5
endangered,5
act,5
linked,5
easily,5
record,5
mitigate,5
diminish,5
developing,5
relative,5
isolation,5
sanguine,5
union,5
decline,5
accurate,5
story,5
exhaustive,5
issue,5
appears,5
carving,5
stone,5
paper,5
drawing,5
powerful,5
success,5
advances,5
led,5
project,5
love,5
air,5
service,5
provocative,5
know,5
causes,5
trend,5
experience,5
extreme,5
sharply,5
proved,5
arguments,5
trying,5
overly,5
various,5
robust,5
shows,5
begun,5
virtue,5
go,5
able,5
augment,5
actually,5
essential,5
valuable,5
accounts,5
established,5
competence,5
professor,5
necessarily,5
became,5
makes,5
similarly,5
understanding,5
constantly,5
department,5
every,5
producers,5
places,5
heart,5
force,5
obvious,5
systems,5
future,5
instance,5
matter,5
treatment,5
meaning,5
collection,5
outdated,5
mathematics,5
tendency,5
circumvent,5
high,5
initial,5
widely,5
resources,5
texts,5
whole,5
recognizable,5
populations,5
highly,5
researcher,5
provide,5
require,5
generally,5
importance,5
paradox,5
money,5
comparison,5
required,5
reveal,5
ignore,5
treat,5
care,5
small,5
rights,5
achievement,5
problem,5
writers,5
area,5
understand,5
diaries,5
letters,5
arcane,5
school,5
offered,5
misleading,5
trivial,5
useful,5
property,5
legal,5
law,5
task,5
significant,5
prescient,5
reader,6
irrelevant,6
viewing,6
unlike,6
laws,6
person,6
greater,6
critical,6
seemed,6
individual,6
lack,6
existence,6
criticism,6
views,6
questioned,6
policy,6
environmental,6
surprisingly,6
areas,6
possible,6
coast,6
deceptive,6
genius,6
governor,6
complicated,6
within,6
countries,6
population,6
taking,6
solar,6
issues,6
apathetic,6
nothing,6
photography,6
mode,6
party,6
films,6
increasing,6
disingenuous,6
explorers,6
anomalous,6
mercenary,6
offers,6
capricious,6
conclusions,6
brain,6
think,6
indeed,6
west,6
cities,6
nation,6
problems,6
recession,6
rarely,6
beauty,6
measure,6
archaic,6
vast,6
capable,6
allowing,6
remains,6
memory,6
events,6
therefore,6
experimental,6
emulate,6
international,6
ways,6
quixotic,6
hard,6
economy,6
sources,6
projects,6
modest,6
architecture,6
according,6
say,6
amount,6
intellectual,6
innovative,6
reading,6
innocuous,6
abundance,6
group,6
office,6
nevertheless,6
observations,6
familiar,6
end,6
urban,6
someone,6
consider,6
control,6
considerable,6
remained,6
climate,6
comprehensive,6
else,6
objects,6
reasonable,6
interest,6
national,6
company,6
agent,6
little,7
free,7
times,7
physics,7
movements,7
straightforward,7
tools,7
need,7
growth,7
remain,7
plan,7
processes,7
come,7
traditional,7
modern,7
considered,7
create,7
natural,7
predictable,7
notion,7
empirical,7
fashion,7
business,7
logic,7
order,7
society,7
information,7
literature,7
hardly,7
rudimentary,7
forest,7
cultural,7
appear,7
original,7
unpredictable,7
results,7
apparent,7
moral,7
derivative,7
first,7
china,7
changes,7
sense,8
single,8
show,8
based,8
current,8
change,8
known,8
researchers,8
least,8
several,8
partly,8
design,8
personal,8
ignored,8
things,8
see,8
approach,8
simply,8
nineteenth,8
fiction,8
suggests,8
claims,8
subtle,8
city,8
another,8
today,8
idea,8
works,8
complexity,8
obscure,8
around,8
director,8
medical,8
among,8
region,8
developed,8
building,8
analysis,8
better,8
system,8
used,8
complex,8
general,9
period,9
contrast,9
present,9
ideas,9
take,9
recently,9
effects,9
theory,9
use,9
different,9
controversial,9
writer,9
contrary,9
scholars,9
conventional,9
something,9
especially,9
historical,9
reputation,9
production,9
true,9
yet,9
likely,9
diversity,9
lives,9
global,9
women,9
whose,9
subject,10
biography,10
development,10
important,10
view,10
early,10
largely,10
large,10
studies,10
industry,10
movie,10
still,10
role,10
individuals,11
conditions,11
enough,11
knowledge,11
theories,11
certain,11
day,11
popular,11
best,11
find,11
cause,11
two,11
creative,11
past,11
government,11
almost,11
members,11
process,11
instead,11
social,11
without,11
thought,11
recent,11
forms,11
readers,12
critics,12
always,12
writing,12
form,12
never,12
like,12
reality,12
thus,12
data,12
music,12
long,12
culture,12
film,13
way,13
nature,13
might,13
part,13
however,14
novel,14
example,14
field,14
far,14
united,14
well,14
contemporary,14
found,14
quite,14
seems,15
must,15
fact,15
also,15
us,15
made,15
scientists,16
others,16
years,16
history,16
life,16
states,16
century,16
time,16
great,16
given,16
research,17
economic,17
seem,17
make,17
could,18
art,18
rather,19
ancient,19
world,19
study,19
less,19
making,19
much,20
species,20
despite,20
author,21
since,22
political,22
though,23
human,23
become,24
book,27
public,29
would,29
scientific,29
work,30
science,30
although,33
new,35
may,37
people,38
often,41
even,49
many,50
one,53
iii,87
